2,0,0.7,0,nan,nan,nan
4,0,0.7,0,nan,nan,nan
4,0,0.7,0,nan,nan,nan
2,0,0.7,0,0.4166666666666667,5.825,0.6764360331026997
4,0,0.7,0,nan,nan,nan
6,0,0.7,0,nan,nan,nan
10,0,0.7,0,nan,nan,nan
