num_positive,num_negative,temprature,counters,acc,ece,auc
0,8,0.7,0,0.5757575757575758,0.4728255528255529,0.5117200769679514
2,6,0.7,0,0.5888615888615889,0.42282555282555295,0.5333486537157738
4,4,0.7,0,0.5888615888615889,0.39041769041769026,0.5446371179274933
6,2,0.7,0,nan,nan,nan
